Country Name,RATE,REFG,MIL.XPAND,GDP,URBAN,STA,TECH,NET.USER,ADO,PM2.5,AGEDEP
Aruba,97.52420044,,,,41.528,97.7,4.694767742,88.66122693,21.402,,43.95238953
Afghanistan,38.16804123,2666254,1.012555799,594.3230812,26.703,27,,8.26,71.2034,46.1,86.95446405
Angola,71.16416168,11869,3.515938573,4101.472152,44.05,22.5,,12.4,161.9322,29.1,99.85575099
Albania,97.55390167,10421,1.161134785,3945.217582,57.407,90.2,1.487346477,63.2529327,21.8354,17.1,44.80697279
Andorra,,5,,,85.115,100,,96.91,,9.7,
Arab World,,6492742,8.189581495,6545.217753,57.82168497,86.27835257,,39.52615407,47.55019405,58.10170959,61.75419398
United Arab Emirates,92.98636627,99,,40438.76293,85.541,95.2,,91.24340578,30.0682,62.2,17.75143866
Argentina,98.08997345,194,0.862948056,13431.87834,91.751,98.3,9.008199853,69.40092102,63.7888,13,56.5453597
Armenia,99.76841736,11218,4.248951082,3489.12769,62.673,78.2,5.274277394,58.24933222,22.4606,21.2,41.26264721
American Samoa,,,,,87.202,62.5,,,,3.7,
Antigua and Barbuda,,56,,13714.73196,23.773,,0,65.2,43.8648,12.8,45.65038071
Australia,,20,1.950652154,56310.96299,89.423,100,13.51306446,84.56051935,13.844,5.8,50.92736435
Austria,,4,0.672999897,43774.98517,65.968,100,13.35296768,83.9263,6.786,16.7,49.17973629
Azerbaijan,99.8052597,9712,5.611558707,5496.34464,54.62,86.6,2.533869681,77,60.9936,25.6,38.01600762
Burundi,85.49609375,292764,2.136161197,277.0683092,12.057,48.6,3.49174225,4.866224464,27.8548,37.1,89.65469504
Belgium,,65,0.915801797,40324.02777,97.858,99.4,13.02287353,85.0529,8.0566,15.3,54.24780332
Benin,38.44713974,412,1.09632502,762.0512054,43.95,7.3,0.940595798,6.787702956,81.775,29.1,81.98219189
Burkina Faso,37.74670029,2148,,589.7744141,29.859,6.7,4.982162836,11.38764617,107.1514,33.6,92.17971533
Bangladesh,61.49383163,12173,0.001372527,1211.701531,34.277,62.1,,14.4,82.55,87,52.48674876
Bulgaria,98.38858032,1269,1.316453182,6993.47736,73.948,83.7,7.648513048,56.6563,36.8366,27.5,51.9098808
Bahrain,95.71726227,421,4.592713862,22600.2141,88.775,99.2,0.959230358,93.47830114,13.4214,54.4,31.38151989
"Bahamas, The",,215,,22817.23086,82.874,92,0,78,28.699,12.6,41.24625516
Bosnia and Herzegovina,98.48576355,18769,1.00235046,4249.330313,39.767,92,2.818924468,65.0655028,8.1686,45.3,40.73018063
Belarus,99.72203827,4124,1.325167008,5740.456495,76.667,95.2,4.314920044,62.23036091,17.551,17.9,42.95748424
Belize,82.77681732,51,1.120004585,4878.721267,43.973,88.2,0,41.59,65.135,23.2,56.78092204
Bermuda,,0,,,100,,26.8315905,98.32360965,,8.5,
Bolivia,95.141922,570,1.62216092,3076.791811,68.512,27.5,6.459543487,45.1,70.431,27.1,63.69471812
Brazil,92.58680725,895,1.386668297,8538.589975,85.687,51.5,12.30504082,59.07947791,66.7434,11.1,44.65985467
Barbados,,99,,15429.34046,31.475,96.2,18.34739621,76.11,39.4398,14.1,50.4435787
Brunei Darussalam,96.65653229,0,3.279291821,30554.72967,77.202,,17.93470383,71.2,20.7876,5,37.9837884
Bhutan,63.90681839,17720,,2655.998892,38.644,33.1,,39.8,20.179,54.1,46.9033562
Botswana,88.22441101,308,2.796562701,6360.13822,57.444,43.1,0.632127018,27.5,30.9728,15.4,55.27026814
Central African Republic,36.75260925,471104,,323.201674,40.037,7.2,,4.563264352,90.6588,38.3,75.15610362
Canada,,80,0.969375098,43248.52991,81.828,99,13.83189543,88.47,9.4578,7,47.2924045
Central Europe and the Baltics,,42314,1.541302566,12403.32867,62.35554999,88.17771308,10.81725851,68.15658622,18.94625478,21.98559595,47.02674444
Switzerland,,17,0.711015329,80945.07922,73.912,99.8,26.83805522,87.97,2.8402,12.6,48.84761744
Channel Islands,,,,,31.465,,,,6.6772,,47.00937601
Chile,96.62754822,561,1.916152744,13416.23004,89.53,90.9,5.898681249,64.289,47.5032,20.6,45.24316588
China,96.35745239,212911,1.951019638,8027.68381,55.614,63.7,25.75364755,50.3,7.2612,57.2,36.57994248
Cote d'Ivoire,43.26531982,71105,1.465319251,1398.989958,54.18,10.3,4.787353021,21,135.626,19.8,83.49039142
Cameroon,74.98558044,10581,1.245129889,1217.26067,54.381,26.8,3.709264803,20.68014766,102.36,64,84.2579892
"Congo, Dem. Rep.",77.22167206,541499,1.394178017,456.0527405,42.494,28.7,,3.799999507,122.2766,38.7,95.91275719
"Congo, Rep.",79.31117249,14781,,1851.199916,65.38,5.6,,7.615974662,116.122,42.3,86.19048828
Colombia,94.57705688,340240,3.377165983,6056.147717,76.436,67.9,9.489813759,55.90497251,48.6822,17.6,45.61504718
Comoros,78.13739014,569,,717.44885,28.296,30.9,,7.459161386,67.1044,16.1,75.64580085
Cabo Verde,88.46542358,28,0.556512046,3080.178814,65.526,54.3,0,43.01962636,73.1564,35.2,52.04818784
Costa Rica,97.64724731,379,0,11260.09216,76.821,92.3,16.83027242,59.76295014,56.0262,19.7,45.36935187
Caribbean small states,,6229,,9495.758444,42.17280796,86.6019971,,51.91699952,55.79960053,15.35069902,48.02208211
Cuba,99.71071625,6862,,,77.074,89.1,,31.10797021,45.1096,16.4,43.42712073
Curacao,,35,,,89.331,,,,33.9996,,51.09708877
Cayman Islands,,6,,,100,,,77,,,
Cyprus,99.05977631,4,1.808110131,23242.84007,66.921,100,6.153058553,71.7159,4.8922,17.9,41.63596652
Czech Republic,,1285,0.960302902,17548.33821,72.992,99.2,14.90433569,81.2986,9.6826,21,49.51679064
Germany,,161,1.171088294,41313.31399,75.301,99,16.66114593,87.5898,6.4276,13.7,51.80605869
Djibouti,,1069,,1945.124293,77.343,5.1,,11.92243143,21.1816,39.1,58.53386781
Dominica,,38,,7116.386392,69.539,,,67.6,,12.5,
Denmark,,9,1.173396892,51989.29347,87.676,99.6,15.9628968,96.3305,3.9608,10.7,55.86142944
Dominican Republic,92.46542358,382,0.650728661,6468.473492,78.98,75.7,3.830713713,51.93023274,97.3396,18.3,57.75732496
Algeria,79.60839844,3490,6.237946609,4206.031232,70.727,82.2,0.151223545,38.2,10.4716,30.9,52.61757885
East Asia & Pacific (excluding high income),,1023273,1.854972846,6488.381689,52.93983644,63.59586162,27.14364558,44.98204897,23.1537192,45.99353328,40.51593621
Early-demographic dividend,,5585039,2.700276069,3187.699012,44.13828116,43.45971024,9.772965669,29.79234255,40.12750352,54.44109282,55.07891049
East Asia & Pacific,,1024070,1.758209526,9512.342448,56.62924168,64.33510501,25.20633668,49.82471578,21.69404468,43.14258087,41.90654933
Europe & Central Asia (excluding high income),,580654,3.471152296,7033.628566,65.08609504,81.19404595,10.79997143,59.93206446,25.70141529,22.96560077,46.17951425
Europe & Central Asia,,620334,1.734029959,22112.39494,70.87074058,89.2146945,16.05174928,71.74412921,17.17825777,18.36902319,50.11547298
Ecuador,94.51547241,1010,2.692700492,6205.064145,63.742,80.7,7.169197661,48.94043379,75.5964,12.5,55.57777234
"Egypt, Arab Rep.",75.84262085,17930,1.733455428,3614.746766,43.135,93.1,0.783244919,35.9,51.3308,99.5,62.28639809
Euro area,,1787,1.377349895,34182.37586,75.92480434,98.69691304,15.76768298,80.28028397,7.512064557,13.93809147,54.33625576
Eritrea,73.84525299,411342,,,,7.3,,1.083733116,53.0018,35.3,
Spain,98.11450958,59,1.176089309,25831.58231,79.579,100,7.146099369,78.6896,8.311,9.6,50.76394896
Estonia,99.82350922,318,2.034399121,17118.5042,67.538,96.6,11.39697241,88.4066,12.4362,9.1,53.48614119
Ethiopia,49.03152084,85834,0.707540718,619.1694065,19.472,28.2,4.003317802,11.6,56.6122,30.1,81.56767847
European Union,,43201,1.479012938,32004.92402,74.79972272,95.82636782,15.85538593,79.62581461,10.4152859,15.03392895,53.26936683
Fragile and conflict affected situations,,12235533,4.454072477,1538.078722,40.82844138,35.28926983,,14.98630875,83.90482048,36.61486847,79.47778949
Finland,,8,1.284251897,42311.03623,84.221,88,8.727074859,92.6513,6.3768,7.2,58.26668653
Fiji,,883,1.121509587,4960.519954,53.728,88.4,2.292610182,46.32872895,45.1952,6,52.84830729
France,,94,2.102414235,36205.5681,79.52,98.9,26.84724696,84.6945,8.8148,12.1,60.26679873
Faroe Islands,,,,,41.962,,,94.2,,,
"Micronesia, Fed. Sts.",,0,,3015.231668,22.424,49,,31.50108128,14.2636,6.1,62.40419148
Gabon,83.23787689,177,1.194602857,8266.445605,87.156,31.5,,23.5,97.692,31.3,73.10581547
United Kingdom,,131,1.940252489,43875.96961,82.592,99.6,20.8121556,92.0003,13.9498,12.2,55.12194955
Georgia,99.75962067,6498,2.341325244,3795.973308,53.641,75.9,5.567077001,45.15837441,38.3292,19.7,45.673028
Ghana,76.57589722,22978,0.490802817,1369.701122,54.042,8.6,,23.47812844,66.1256,21.7,73.04414373
Gibraltar,,2,,,100,,,,,,
Guinea,30.47278976,17005,,531.3205952,37.161,11.8,0.956637362,4.7,139.5718,19.3,83.80803921
"Gambia, The",55.57276154,8491,1.481032407,471.5371955,59.632,55,,17.1198205,112.4634,39.7,94.16772402
Guinea-Bissau,59.77285004,1471,1.760433748,572.9884285,49.332,8.5,,3.540706917,87.5292,26,78.44823833
Equatorial Guinea,95.19566345,172,,14439.59445,39.923,71,,21.31999999,107.5306,34,72.85137474
Greece,95.29286957,112,2.608176957,18002.23058,78.007,98.1,10.98679549,66.835,7.2346,13.2,56.24728159
Grenada,,270,,9212.020352,35.591,98.3,,53.81,29.5644,14,50.69971504
Greenland,,,,,86.436,100,11.9967389,67.60044348,,5.2,
Guatemala,79.07421112,10284,0.430086249,3903.478856,51.571,49.3,5.019300411,27.1,80.088,33.9,70.85067193
Guam,99.78903961,,,,94.516,89.8,,73.13999995,48.1208,6.8,51.97885169
Guyana,87.53531647,511,1.425914024,4127.351018,28.553,82,0.060717614,38.2,87.5772,14.8,51.0881276
High income,,50163,2.406549456,39939.24554,81.11687243,98.96491663,17.88475605,81.01474358,13.2968262,16.25743782,51.96129864
"Hong Kong SAR, China",,33,,42327.83996,100,,10.70570851,84.94835296,3.1418,,37.02607447
Honduras,88.42458344,6844,1.549258805,2528.89355,54.73,77.7,,20.35686743,64.2684,36.2,57.76867708
Heavily indebted poor countries (HIPC),,6631129,1.159249781,872.6199597,34.58587283,21.58821567,,12.13351837,98.10111495,33.48356383,87.464866
Croatia,99.27259064,33451,1.549584146,11535.82936,58.964,95.8,8.980481306,69.8031,9.17,21.2,51.1207047
Haiti,60.68935013,34774,0,818.3432976,58.645,19.2,,12.19776638,38.88,22.1,62.26450509
Hungary,99.38088226,1443,0.840509718,12363.54346,71.227,98.6,13.73819788,72.8347,17.7074,22.6,47.87781433
IBRD only,,1743251,2.059415844,5566.301275,53.60119514,50.72690277,18.99347566,42.56249279,31.81590592,48.74332466,46.78427029
IDA & IBRD total,,14703438,2.019320137,4446.960609,48.79941664,47.07731816,18.54232499,37.11415331,48.03823838,47.03926122,54.2207464
IDA total,,12960187,1.512113903,1400.849206,35.69521,39.54143192,,22.23873864,80.41903162,42.38887948,74.49441602
IDA blend,,879236,1.730416272,2083.319217,40.9848274,49.88378019,,35.0408618,66.77355148,43.11208358,68.4360301
Indonesia,95.43768311,13956,0.886273832,3346.487039,53.742,47.5,,21.97606771,49.249,15,48.95607776
IDA only,,12080951,1.204011959,1020.303038,32.80486527,34.20348837,,15.1737595,87.06862609,41.99370373,77.79907318
Isle of Man,,,,,52.203,,,,,,
India,72.22530365,9881,2.421419177,1598.259034,32.747,28.5,7.517758047,26,23.2924,72.6,52.44887197
Not classified,,,,,,,,,,,
Ireland,,9,0.350604668,61133.67243,63.241,92.9,26.76467483,80.1224,10.0948,9.6,53.65716532
"Iran, Islamic Rep.",87.17253113,84949,,,73.375,82.3,,44.08287502,26.3422,42,40.19461907
Iraq,79.72176361,264107,7.2773549,4943.760388,69.471,83.8,,17.22,84.8498,45.2,78.69586062
Iceland,,0,,50173.33992,94.137,100,19.90161275,98.2,5.653,7.5,51.59234209
Israel,,802,5.376152507,35728.0935,92.14,100,19.66319322,78.8851791,9.3078,20.7,64.12940849
Italy,99.01579285,70,1.308669912,29957.80432,68.964,99.6,7.342364071,65.5716,5.9352,19.5,56.54415147
Jamaica,88.49990082,1868,0.829288526,5232.024583,54.788,84.1,0.085597606,43.17589719,58.7846,16.6,48.62651083
Jordan,98.01435089,1841,4.307483715,4940.045836,83.679,98.9,1.817742985,53.4,22.6438,38,64.77538658
Japan,,145,0.932658518,34523.70077,93.498,100,16.78206158,93.32941106,3.9706,13.1,64.46694702
Kazakhstan,99.78784943,2267,1.031451477,10509.98107,53.247,98.1,41.19050836,72.86601297,27.191,17,50.27004132
Kenya,78.02339935,7906,1.50522085,1376.712829,25.622,29.7,,45.62280061,90.219,15.6,80.86946228
Kyrgyz Republic,99.50131989,2502,3.583741211,1103.215352,35.707,95.6,11.86204101,30.24704278,39.1966,16.1,55.34822176
Cambodia,78.34593964,12803,,1158.689904,20.723,30.5,0.759983541,19,52.1718,23.9,55.56991959
Kiribati,,2,,1424.280879,44.304,30.6,,12.99748389,16.3802,3.4,63.00039147
St. Kitts and Nevis,,28,,15771.9455,32.047,,,75.7,,,
"Korea, Rep.",,351,2.64370106,27221.52405,82.474,100,26.83989308,89.8962558,1.5886,28.1,37.211136
Kuwait,96.1177063,1085,,29300.57558,98.342,100,2.717092493,82.07911476,9.4458,65.7,32.09031154
Latin America & Caribbean (excluding high income),,446461,1.241881336,8019.332806,79.62213541,63.18795521,11.9932526,53.88393399,64.32388629,17.20654077,50.35450714
Lao PDR,79.86746216,7363,,1818.441373,38.614,56,,18.2,63.734,27.9,62.81394297
Lebanon,94.05110168,4369,4.756143596,8047.645086,87.792,80.7,,74,12.1846,31.8,47.33769414
Liberia,47.60013962,9994,0.658524111,455.8739345,49.701,5.9,,5.903867603,107.1206,7.4,82.87271056
Libya,91.38887024,6085,,,78.554,95.7,,19.01607978,6.1582,69.4,52.37754765
St. Lucia,,1011,,7735.910484,18.504,91.9,,52.35,53.4248,13.1,47.32504061
Latin America & Caribbean,,447994,1.281246438,8363.562755,79.88103874,64.06300772,11.52920274,54.4583843,63.68217275,17.25336667,50.21707825
Least developed countries: UN classification,,7784646,1.518232252,978.8457956,31.53719931,32.89729639,,12.62860122,90.12894161,44.50063647,79.09975268
Low income,,6604723,1.446885069,617.7078283,30.74000111,23.24212725,3.371456198,9.460342053,96.31981016,33.98581167,86.86262118
Liechtenstein,,0,,,14.289,,,96.6411951,,,
Sri Lanka,92.61416626,121435,2.209560395,3926.174396,18.356,96.7,0.836279814,29.98873755,14.153,26.4,51.23349504
Lower middle income,,6844053,1.837063756,2002.12437,38.95761166,42.17719088,,28.63206153,45.33224625,55.59125413,57.49067599
Low & middle income,,14772545,2.019321302,4344.802747,48.70560575,46.89422947,19.17632691,36.79864752,48.01481325,47.15054793,54.27006645
Lesotho,79.3609314,17,1.892981759,1066.985626,27.312,27.6,,16.0717077,93.1736,18.6,67.26589284
Late-demographic dividend,,1183638,2.164522679,8150.830351,59.87630308,67.68097208,21.35629648,54.05925577,22.32750035,42.65970596,39.49409376
Lithuania,99.82328033,144,1.144822889,14147.04938,66.508,82.8,11.85277393,71.378,10.3996,18.6,50.06602969
Luxembourg,,2,0.524627978,101449.9682,90.16,98.5,6.823001118,97.3341,5.7284,16.2,43.70940115
Latvia,99.89269257,193,1.058794123,13648.54756,67.382,81.5,15.05027123,79.2006,13.287,19.8,52.1836352
"Macao SAR, China",96.2276001,5,,78585.87706,100,,0,77.60013186,3.3118,,28.20867516
St. Martin (French part),,,,,,,,,,,
Morocco,71.7105484,1771,3.249089056,2878.201342,60.195,65.5,3.536814373,57.08,31.3652,22.4,50.12828426
Monaco,,3,,,100,,,93.36330202,,,
Moldova,99.2443924,2289,0.355080395,1848.061804,44.995,67.1,3.988927282,49.83693954,22.028,16.7,34.57382903
Madagascar,64.65630341,286,0.631284531,401.836006,35.105,8.7,0.186266128,4.17397219,114.82,18.7,80.33338854
Maldives,99.32102203,42,,8395.785198,45.536,98.3,,54.46195515,6.214,28.5,47.44842249
Middle East & North Africa,,4795996,7.747130854,7407.070625,64.21828015,86.83847712,,43.70753337,38.35338012,56.84612818,55.13412072
Mexico,94.54559326,11333,0.676652501,9005.024265,79.246,74.5,14.68693681,57.43104299,62.2038,19.7,51.6816002
Marshall Islands,98.26507568,3,,3385.967463,72.684,56.2,,19.2824418,,9.1,
Middle income,,8167822,2.027288432,4775.63473,50.78323787,50.75330537,19.32826001,39.79636329,40.37070855,48.67299229,50.50198278
"Macedonia, FYR",97.84375763,1776,1.06509293,4852.657848,57.104,82.6,2.987312334,70.3802,17.2636,39.4,41.39453471
Mali,33.06887054,154211,2.425500022,724.2562832,39.916,16.1,,10.33692498,173.7412,37.2,100.1835351
Malta,94.06661224,1,0.573096354,22596.18177,95.407,100,31.9031159,76.184,16.3804,15.4,50.78462835
Myanmar,93.09004974,451807,3.502313454,1161.488158,34.098,77.1,,21.8,16.2474,53,49.05411871
Middle East & North Africa (excluding high income),,4792904,4.122853568,,60.51025249,86.03551901,,38.20625385,42.09536745,53.33728948,57.54638062
Montenegro,98.71994781,651,1.627273663,6406.070855,64.026,92.2,,64.56499314,12.031,22.7,47.71037386
Mongolia,98.36763763,2199,0.87091903,3967.829386,72.04,42.6,4.031121244,21.43603111,15.0022,22.9,47.64877847
Northern Mariana Islands,,,,,89.237,79.7,,,,11.3,
Mozambique,58.83655167,57,0.992915987,529.2425561,32.214,10.1,11.61205432,9,136.9276,17,94.7503396
Mauritania,52.12356186,34664,,,59.859,13.8,,15.19912669,77.9034,68.5,76.13809182
Mauritius,90.61604309,103,,9252.110724,39.671,92.6,0.05962622,50.13931848,28.3166,14.4,40.61770867
Malawi,65.96382904,426,0.657702321,371.9857478,16.272,39.8,2.156848969,9.298148347,135.349,21.4,94.54637854
Malaysia,94.63699341,438,1.535085824,9768.32686,74.705,95.9,42.80094544,71.06406781,13.7166,15.1,44.736656
North America,,5036,3.119664872,54830.98801,81.64152578,99.90068835,18.0887547,75.93725156,20.07361606,8.169606529,50.54918171
Namibia,90.82050323,1476,4.824409066,4673.567248,46.66,16.8,,22.30701479,76.2126,18.6,67.266778
New Caledonia,96.93782043,,,,70.21,100,5.028256097,74.00175279,19.1292,,47.92017729
Niger,19.1026001,1390,,358.958152,18.732,4.6,14.24266564,2.22016535,201.163,53,112.9728005
Nigeria,59.5680809,167988,0.417636538,2640.290739,47.776,25.4,,47.44255029,109.304,36.9,87.70842622
Nicaragua,82.47184753,1476,0.564280765,2086.895003,58.779,55.7,0.488474132,19.7042915,88.0554,23,54.12985765
Netherlands,,69,1.182503093,44299.76809,90.496,99.9,,93.0965,3.8842,14.3,53.26548811
Norway,,12,1.525293406,74400.36978,80.473,98.3,20.51991733,96.8103,5.8552,8.9,52.21039452
Nepal,64.66364288,8866,1.508981408,743.3229657,18.615,43.5,0.622566089,17.58161801,71.2882,70.9,61.84173909
Nauru,,0,,9827.544281,100,,,,,,
New Zealand,,19,1.186190344,37807.96728,86.284,,9.617084082,88.22288882,23.2522,5.4,54.00824581
OECD members,,86783,2.188835165,36091.18441,80.25380373,95.44039384,17.17717546,77.24348746,21.73189199,14.87092343,52.59737126
Oman,93.97164917,37,14.15270019,15550.67625,77.641,94.7,4.125765627,74.17416597,7.5474,46.7,30.04213842
Other small states,,32855,,12844.73248,58.10468183,45.70527036,7.410442835,40.39556383,61.17152142,30.67738188,59.93751828
Pakistan,56.44031143,297835,3.554558497,1434.696665,38.758,51.1,1.557343978,18,38.322,63,65.29531816
Panama,95.0382309,69,0,13268.11375,66.592,58,0.000467016,51.20542499,73.7318,12.6,53.36680557
Peru,94.3743515,3599,1.606484025,6027.125855,78.609,53.2,4.737721254,40.9,48.4478,27.1,53.18806328
Philippines,96.61802673,593,1.323290545,2904.202082,44.373,70.8,53.0641174,40.7,62.6538,22.8,57.55023434
Palau,99.52396393,2,,13498.66141,87.071,100,40.67100768,,,,
Papua New Guinea,63.43349075,339,,,13.005,13.3,,7.9,54.432,10.4,67.08963996
Poland,99.78742218,1297,2.192511436,12554.54755,60.539,96.7,8.777098319,67.997,13.135,23.8,43.84267732
Pre-demographic dividend,,7659106,2.159964076,1521.15772,38.59497939,21.92169492,,21.0710908,109.5950891,34.48208255,89.53990515
Puerto Rico,93.329422,0,,,93.6,99.3,,79.46876883,40.6692,16.7,50.02424704
"Korea, Dem. People¡¯s Rep.",99.99923706,1103,,,60.875,72.5,,,0.5222,27.7,44.31443847
Portugal,95.42810822,28,1.852013447,19222.15008,63.468,99.8,4.585309246,68.6329,9.4496,9.5,53.47967567
Paraguay,95.53610992,91,1.705137014,4080.951448,59.666,78.4,5.680592694,44.38159692,56.8552,14.3,56.62760289
West Bank and Gaza,96.66803741,97973,,2866.8001,75.252,90.2,,57.42419241,58.1028,20.1,76.00186901
Pacific island small states,,1027,,3644.408612,37.73988081,56.54768845,4.403710431,29.78284146,38.6787821,5.515295441,64.22831623
Post-demographic dividend,,394767,2.23030846,40110.67525,80.97085963,98.58742046,18.3890684,79.77495336,13.22923845,12.71041383,52.48535688
French Polynesia,,,,,55.88,98.5,11.19751779,64.56020975,35.5862,,42.22968895
Qatar,97.75708771,20,,73653.39443,99.244,98,3.407507506,92.88482645,10.4832,104.2,20.05470618
Romania,98.75702667,1735,1.394271836,8972.922518,54.564,63.3,7.501692836,55.7632,34.034,19.2,48.88613107
Russian Federation,99.71956635,67050,5.008891223,9092.580536,74.008,58.7,13.76032041,73.41,22.7328,15.8,43.0978772
Rwanda,71.24349976,286366,1.156373137,697.3482281,28.811,62.9,12.98356429,18,25.6248,41.3,78.06861621
South Asia,,3068661,2.33611953,1542.209682,33.02821531,35.0641753,6.871718903,23.62794112,32.87234931,71.79343677,54.62267349
Saudi Arabia,94.84236908,701,13.49622519,20481.74532,83.13,100,0.774160544,69.6162358,8.406,102.9,45.8668307
Sudan,58.60131836,628770,,2414.723601,33.806,,,26.61492855,72.05,42.3,78.03512278
Senegal,55.62485123,21280,1.578459304,899.5798795,43.721,33.8,3.617890641,21.69026413,76.8768,36.4,87.60184833
Singapore,96.77462769,54,3.216608938,52888.74467,100,,49.27542568,82.103,3.7956,17.7,37.40732456
Solomon Islands,,71,,1934.856293,22.329,15,2.799395181,10.00046498,47.3794,5.2,75.08272756
Sierra Leone,48.43190002,4895,0.820220472,653.1318159,39.942,6.9,0.414848243,2.5,116.7324,15,81.92542257
El Salvador,87.64821625,14778,0.863235101,4219.35033,66.726,60,4.38507398,26.91507533,64.9156,35.5,54.32195105
San Marino,,1,,,94.19,,,,,,
Somalia,,1123052,3.54E-05,549.2669766,39.551,,,1.76,102.6168,16.7,98.13399143
Serbia,98.00289154,38637,1.948723272,5235.142207,55.553,94.2,,65.3170254,18.6946,20.8,50.1111308
Sub-Saharan Africa (excluding high income),,4860592,1.203605784,1587.187548,37.73786329,23.30968995,,22.38466453,100.4473843,32.32589147,86.12643598
South Sudan,31.97624969,778697,10.92851451,730.5801009,18.804,4.5,,17.92978723,63.4292,28.4,83.65608579
Sub-Saharan Africa,,4860617,1.203659793,1588.477391,37.73936207,23.31514156,,22.38805971,100.4448208,32.32407002,86.12248185
Small states,,40111,,11655.24392,53.89489269,55.84661028,6.995955036,41.93455097,58.75490175,26.31831365,58.01188668
Sao Tome and Principe,91.74710846,22,,1669.063268,65.092,23.3,42.25708043,25.8222488,83.456,12.6,84.20624782
Suriname,95.53898621,19,,9485.319244,66.043,61.4,,42.76382778,45.7392,15.2,50.75603607
Slovak Republic,,326,1.114562145,16088.27759,53.598,98.2,10.2880693,85.01951406,19.9398,20.1,40.78301525
Slovenia,99.71475983,23,0.951425735,20726.53989,49.65,99.1,6.420656782,73.0987,3.6332,19.9,48.70509704
Sweden,,16,1.084892335,50579.67365,85.815,99.6,14.25653379,90.6102,5.695,6.1,59.30390803
Swaziland,87.47019196,220,1.785316139,3200.143018,21.308,56,,30.38270066,67.2336,17.8,69.31298373
Sint Maarten (Dutch part),,0,,,100,,,,,,
Seychelles,95.32108307,20,1.25730384,15476.01944,53.887,98.4,7.205510737,58.11869757,56.8962,12.7,43.52145097
Syrian Arab Republic,86.30393219,4872585,,,57.656,95.1,,29.97979724,38.8766,35.8,70.03046916
Turks and Caicos Islands,,14,,,92.186,,,,,,
Chad,40.01824188,14940,2.02944821,775.6950905,22.471,6.5,,2.700000001,129.752,39.6,100.6866607
East Asia & Pacific (IDA & IBRD countries),,1022194,1.854972846,6557.181062,52.83981632,63.50341669,27.14364558,44.98204897,23.49029616,46.22365985,40.46839373
Europe & Central Asia (IDA & IBRD countries),,615724,3.258480035,7538.104634,64.64637633,82.83596407,10.34024139,60.71874648,24.66139169,23.019275,46.0297552
Togo,66.53759003,8785,1.711812102,559.6358767,39.964,2.9,0.41110012,7.12,92.0646,26,81.83107627
Thailand,93.98301697,222,1.451659633,5814.769764,50.374,96.1,21.44172319,39.31612674,44.6052,25.8,39.24210398
Tajikistan,99.78105164,794,,925.9118877,26.782,95.5,,18.98,37.7858,41.3,60.88508034
Turkmenistan,99.69293213,455,,6672.477544,50.037,,,14.99677482,16.0482,26.7,47.88324892
Latin America & the Caribbean (IDA & IBRD countries),,440579,1.281246438,8284.729069,79.87520332,63.38481506,11.55815668,54.70371768,64.06164872,17.27705035,50.34808326
Timor-Leste,64.06613922,20,2.563537711,1157.992956,32.77,26.8,,13.4,45.482,14.4,92.27496378
Middle East & North Africa (IDA & IBRD countries),,4695663,4.122853568,,60.32822777,85.99892178,,37.95898158,41.83396831,53.74768916,57.31850023
Tonga,99.39785767,24,,4098.543929,23.712,89,,44.99951883,14.8596,3.9,74.32925027
South Asia (IDA & IBRD),,3068661,2.33611953,1542.209682,33.02821531,35.0641753,6.871718903,23.62794112,32.87234931,71.79343677,54.62267349
Sub-Saharan Africa (IDA & IBRD countries),,4860617,1.203659793,1588.477391,37.73936207,23.31514156,,22.38805971,100.4448208,32.32407002,86.12248185
Trinidad and Tobago,98.9695816,369,1.079371468,17321.88468,8.445,91.5,,69.19847061,30.8354,13.1,43.24948865
Tunisia,81.05419159,1568,2.277123055,3872.512084,66.842,79.8,6.327421481,48.51983599,6.8052,43.2,44.82013584
Turkey,95.68810272,59559,2.127696664,9125.68759,73.397,85.5,2.159703396,53.74497914,26.811,35.6,49.72123101
Tuvalu,,2,,3295.005823,59.717,,,42.7,,,
Tanzania,80.35949707,6221,1.124107002,878.9751055,31.608,8.3,0.759900485,5.355144064,117.7206,22,93.80093419
Uganda,73.80983734,6316,1.199243826,705.2925695,16.101,17.3,1.82776969,19.22109963,108.9456,57.2,102.3453678
Ukraine,99.76410675,321300,3.997306333,2114.954716,69.695,92.6,7.268416258,49.26,23.351,16.6,43.33590111
Upper middle income,,1323769,2.080682383,7900.811645,64.12197458,66.85225344,20.70526472,52.13786916,32.47500421,40.8694323,42.61358514
Uruguay,98.44210052,91,1.800773252,15573.90092,95.311,92.6,13.84634852,64.6,55.7796,11.2,55.88340844
United States,,4832,3.304516449,56115.71843,81.617,100,19.00799373,74.55,21.1538,8.3,50.91244992
Uzbekistan,99.99519348,4205,,2132.070368,36.365,100,,42.8,17.6002,33,49.65053411
St. Vincent and the Grenadines,,1823,,6739.174833,50.55,,8.332507808,51.77,50.3332,13.2,46.75944547
"Venezuela, RB",95.39924622,7456,,,88.99,69.9,,61.86924809,79.0518,22.9,52.37493244
British Virgin Islands,,0,,,46.186,97.5,,,,,
Virgin Islands (U.S.),,0,,,95.335,96.4,,54.8391373,42.6438,14.7,61.19965137
Vietnam,94.51426697,313156,2.361155697,2111.138024,33.593,69.7,,52.72,39.1486,27.3,42.51143984
Vanuatu,85.05867767,1,,2805.314644,26.128,55.4,,22.35140458,42.7458,6.5,68.71967818
World,,,2.268679195,10093.29897,53.85723827,50.32001508,18.26806563,43.99831479,44.0325073,42.27352689,53.90337629
Samoa,99.01500702,1,,3938.548846,19.098,91.1,0.371489014,25.40700977,24.2898,3.7,73.98679981
Kosovo,,,0.780918669,3561.574731,,,,,,,48.10017484
"Yemen, Rep.",69.96195221,15896,,1406.291651,34.606,,4.695853281,25.0995144,60.6954,40.7,75.59514675
South Africa,94.59793854,449,1.09998226,5723.973357,64.801,60.5,5.88097093,51.91911572,44.4402,28.9,52.14352789
Zambia,85.11726379,344,1.753234112,1304.879014,40.922,35.7,5.268126023,21,87.8574,23.4,95.40232642
Zimbabwe,86.87348175,21344,2.612331949,924.1438193,32.376,30.8,2.893651173,16.36,108.9372,19.8,80.39103268
